Model,MSE
SVR,1.555318016401746
RandomForest,3.806296152736704
LSTM,1653137682715647.8
XGBoost,272.8561486297449
LightGBM,340.29349361064504
CatBoost,268.12847603201175
